,rank,elpd_loo,p_loo,elpd_diff,weight,se,dse,warning,scale
shash_lin_rand_intcp_noise_intcp_lin,0,16580.613525539375,34.497821040076815,0.0,0.07142857142857142,85.19527161338787,0.0,False,log
shash_spline_rand_intcp_slope_noise,1,16569.8045736145,54.52990762846093,10.808951924877931,0.07142857142857142,81.62718647043849,117.31452380620999,False,log
shash_spline_rand_intcp_slope_noise_eps,2,16471.159036180536,73.15824390549096,109.45448935883991,0.07142857142857142,85.00783657776591,119.70354376782385,True,log
shash_spline_rand_intcp_noise,3,16447.708751554717,62.34618473730734,132.90477398465788,0.07142857142857142,86.24645358450712,121.27937842667569,True,log
shash_lin_rand_intcp_slope_noise,4,16437.87343147694,30.587969464380876,142.74009406243454,0.07142857142857142,85.50858396054848,120.3724014121605,False,log
shash_lin_rand_intcp_noise_delta,5,16404.318789297144,38.024151278510544,176.29473624223206,0.07142857142857142,87.59043279788858,122.17919579275801,True,log
shash_lin_rand_intcp_noise_eps,6,16386.969185031456,43.30878265436695,193.64434050792119,0.07142857142857142,85.48748342676338,119.54375845183084,True,log
shash_lin_rand_intcp_noise,7,16386.48121526376,27.610212097257318,194.13231027561238,0.07142857142857142,85.23141726722905,121.75383737010569,False,log
lin_rand_intcp_noise_intcp_lin,8,16000.845703920077,31.017582321366717,579.767821619297,0.07142857142857142,79.45789288318149,116.12560640914207,False,log
lin_rand_intcp_noise,9,15886.953927379915,24.716085714086148,693.6595981594596,0.07142857142857142,79.01351780932642,116.38819889454989,False,log
spline_rand_intcp_noise,10,15878.80772360248,58.63978830182896,701.8058019368953,0.07142857142857142,79.35784340971078,115.98447079083945,False,log
lin_rand_intcp_noise_intcp_slope_lin,11,7005.1624282117,8785.804536936106,9575.451097327674,0.07142857142857142,2619.5151214776847,2623.076966880644,True,log
spline_rand_intcp_slope_noise,12,-779950.3647142609,795875.563041098,796530.9782398003,0.07142857142857142,85185.03460005688,85188.32385461238,True,log
lin_rand_intcp_slope_noise,13,,,,0.07142857142857162,,,True,log
